,geography,gender,avg_credit_score,total_exited
0,France,Female,649.2033524481694,462
3,Germany,Male,649.8911719939117,365
1,France,Male,649.9963794351919,351
5,Spain,Male,651.0448950036206,182
4,Spain,Female,651.7154696132596,230
2,Germany,Female,653.0554621848739,447
