,geography,gender,avg of credit score,total # exited
0,France,Female,649.2314814814815,463
1,France,Male,650.1039478449837,353
3,Germany,Male,650.2233231707318,364
5,Spain,Male,650.7911849710982,181
4,Spain,Female,651.7684501845018,229
2,Germany,Female,653.225020990764,447
